,number of clusters,silhouette score,outlier indices,clusters
0,2,0.549805339956238,[],[0 0 0 ... 0 1 1]
1,3,0.5308070399780142,[],[1 1 1 ... 0 0 0]
2,4,0.5238081271428222,[],[2 2 2 ... 0 3 3]
3,5,0.5120100718922909,[],[0 3 3 ... 4 1 1]
4,6,0.516600176812171,[],[1 1 3 ... 4 2 2]
5,7,0.5226040337778088,[],[6 6 6 ... 5 5 1]
6,8,0.5317743974659735,[],[3 3 3 ... 2 2 2]
7,9,0.5218936922920481,[],[0 0 8 ... 3 7 7]
8,10,0.5240822881950451,[],[8 8 2 ... 4 0 0]
