,number of clusters,silhouette score,outlier indices,clusters
0,2,0.5410088391365542,[],[0 0 0 ... 0 0 0]
1,3,0.5319030625356991,[],[1 1 1 ... 1 0 0]
2,4,0.5218388344673267,[],[0 0 3 ... 0 0 0]
3,5,0.521595078136464,[],[0 0 0 ... 0 0 4]
4,6,0.5152318185192338,[],[2 2 2 ... 2 0 0]
5,7,0.5247688936841042,[],[2 2 2 ... 2 1 1]
6,8,0.5340836371031366,[],[7 7 7 ... 7 2 2]
7,9,0.5362503126015652,[],[3 3 3 ... 8 8 0]
8,10,0.532270709046285,[],[1 1 1 ... 8 8 3]
