,number of clusters,silhouette score,outlier indices,clusters
0,2,0.5410088391365542,[],[0 0 0 ... 0 0 0]
1,3,0.5318239212135272,[],[1 1 1 ... 1 2 2]
2,4,0.5215839656978406,[],[1 1 3 ... 1 1 1]
3,5,0.5218049674021988,[],[3 3 3 ... 3 3 0]
4,6,0.5175295719853265,[],[1 1 1 ... 1 2 2]
5,7,0.5255665009938499,[],[0 0 0 ... 0 5 5]
6,8,0.5340836371031366,[],[3 3 3 ... 3 5 5]
7,9,0.5369299690324898,[],[4 0 0 ... 4 4 6]
8,10,0.5314230174023175,[],[1 7 7 ... 1 1 9]
