,number of clusters,silhouette score,outlier indices,clusters
0,2,0.6147443845299266,[],[0 0 0 ... 1 1 1]
1,3,0.5627391568189174,[],[1 1 1 ... 2 2 2]
2,4,0.5608834631510446,[],[0 0 0 ... 2 2 2]
3,5,0.5427240923828084,[],[0 0 0 ... 1 1 1]
4,6,0.5363980398365776,[],[5 5 5 ... 4 4 4]
5,7,0.5385029333357837,[],[2 2 2 ... 6 6 1]
6,8,0.5372122133749121,[],[0 0 0 ... 3 3 3]
7,9,0.5427766541194362,[],[0 0 0 ... 8 8 8]
8,10,0.5393298051894417,[],[9 9 9 ... 8 3 3]
