,number of clusters,silhouette score,outlier indices,clusters
0,2,0.5443256154226472,[482],[1 1 1 ... 1 1 1]
1,3,0.5257533428565706,[],[1 1 1 ... 1 0 0]
2,4,0.5204334173713167,[],[0 0 0 ... 0 0 0]
3,5,0.5212185451789151,[],[0 0 0 ... 0 4 4]
4,6,0.5209679528287507,[],[3 3 1 ... 3 3 0]
5,7,0.5268390294586316,[],[3 3 3 ... 3 1 1]
6,8,0.5290538358441477,[],[5 5 5 ... 5 0 0]
7,9,0.5272644492623919,[],[6 3 3 ... 6 0 0]
8,10,0.5224121347165632,[],[0 0 5 ... 0 2 2]
