,number of clusters,silhouette score,outlier indices,clusters
0,2,0.544296044281631,[482],[1 1 1 ... 1 1 1]
1,3,0.5256698988789796,[],[2 2 2 ... 2 0 0]
2,4,0.520393190978222,[],[3 3 3 ... 3 3 3]
3,5,0.5212185451789151,[],[3 3 3 ... 3 0 0]
4,6,0.5185639753939421,[],[2 2 5 ... 2 2 1]
5,7,0.5240994452097039,[],[6 6 6 ... 6 0 0]
6,8,0.5301348710612447,[],[3 3 3 ... 3 7 7]
7,9,0.5274092568840015,[],[8 8 8 ... 1 7 7]
8,10,0.5213522340674208,[],[7 7 2 ... 7 0 0]
