,number of clusters,silhouette score,outlier indices,clusters
0,2,0.549805339956238,[],[0 0 0 ... 0 1 1]
1,3,0.5308070399780142,[],[0 0 0 ... 1 1 1]
2,4,0.5234023836570338,[],[1 1 1 ... 0 0 0]
3,5,0.5137352968420964,[],[1 4 4 ... 2 0 0]
4,6,0.5161401555397359,[],[2 2 4 ... 1 3 3]
5,7,0.5227577276616806,[],[4 4 4 ... 0 0 2]
6,8,0.5323556696350946,[],[0 0 0 ... 1 1 1]
7,9,0.5245777641597493,[],[8 8 3 ... 4 1 1]
8,10,0.525594499382768,[],[1 1 6 ... 0 9 9]
