,number of clusters,silhouette score,outlier indices,clusters
0,2,0.6147443845299266,[],[1 1 1 ... 0 0 0]
1,3,0.5619554426531128,[],[2 2 2 ... 1 1 1]
2,4,0.5609425506561563,[],[3 3 3 ... 2 2 2]
3,5,0.5493965908139727,[],[1 1 1 ... 0 0 0]
4,6,0.5316246568714967,[],[1 1 3 ... 2 2 2]
5,7,0.5394342171992589,[],[0 0 0 ... 1 1 1]
6,8,0.5417559197148517,[],[0 0 0 ... 6 6 1]
7,9,0.544128857294137,[],[6 6 6 ... 3 3 3]
8,10,0.5381146999949082,[],[6 6 6 ... 4 8 8]
